{
	"menu":{
		"breakfast":[
			{
				"name": "bagels",
				"price": "1.23"
			},
		{
				"name": "sanwitch",
				"price": "3.53"
			},
		{
				"name": "coffee",
				"price": "2.25"
                  }
              ],

		"lunch":[
			{
				"name": "bagels",
				"price": "1.23"
			},
		{
				"name": "sanwitch",
				"price": "3.53"
			},
		{
				"name": "coffee",
				"price": "2.25"
                  }
              ],
		"dinner":[
			{
				"name": "bagels",
				"price": "1.23"
			},
		{
				"name": "sanwitch",
				"price": "3.53"
			},
		{
				"name": "coffee",
				"price": "2.25"
                  }
              ],
		"dessert":[
			{
				"name": "bagels",
				"price": "1.23"
			},
		{
				"name": "sanwitch",
				"price": "3.53"
			},
		{
				"name": "coffee",
				"price": "2.25"
                  }
              ]
	}
}